
INSERT INTO ACCOUNT (ACCOUNTID, NAME, TYPE, DOB, PASSWORD, STATUS, EMAIL, USERNAME, MEMBERLEVEL, SAVEDSYSTIME) 
VALUES (1.0, 'Lion King', 'M', to_date('11/04/1997', 'DD/MM/YYYY'), 'Password123', 'A', 'Mark@gmail.com', 'Mark123', 'Copper', to_timestamp('', 'DD-MON-RR HH24:MI:SSXFF'));

INSERT INTO ACCOUNT (ACCOUNTID, NAME, TYPE, DOB, PASSWORD, STATUS, EMAIL, USERNAME, MEMBERLEVEL, SAVEDSYSTIME) 
VALUES (2.0, 'Jay Mac', 'A', to_date('12/04/1997', 'DD/MM/YYYY'), 'Password123', 'A', 'Jay@gmail.com', 'Jay21', 'Platinum', to_timestamp('', 'DD-MON-RR HH24:MI:SSXFF'));

INSERT INTO ACCOUNT (ACCOUNTID, NAME, TYPE, DOB, PASSWORD, STATUS, EMAIL, USERNAME, MEMBERLEVEL, SAVEDSYSTIME) 
VALUES (3.0, 'Jack CopperIV', 'A', to_date('12/04/1997', 'DD/MM/YYYY'), 'Password123', 'A', 'Jack@gmail.com', 'LifeOfCopper', 'Diamond', to_timestamp('', 'DD-MON-RR HH24:MI:SSXFF'));

INSERT INTO ACCOUNT (ACCOUNTID, NAME, TYPE, DOB, PASSWORD, STATUS, EMAIL, USERNAME, MEMBERLEVEL, SAVEDSYSTIME) 
VALUES (4.0, 'Kenneth Malbro', 'A', to_date('12/01/1997', 'DD/MM/YYYY'), 'Password123', 'A', 'Kenneth@gmail.com', 'Malbro123', 'Copper', to_timestamp('', 'DD-MON-RR HH24:MI:SSXFF'));

INSERT INTO ACCOUNT (ACCOUNTID, NAME, TYPE, DOB, PASSWORD, STATUS, EMAIL, USERNAME, MEMBERLEVEL, SAVEDSYSTIME) 
VALUES (5.0, 'Andrew Shields', 'M', to_date('12/01/1997', 'DD/MM/YYYY'), 'Password123', 'A', 'Andrew@gmail.com', 'AndrewSh1', 'Silver', to_timestamp('', 'DD-MON-RR HH24:MI:SSXFF'));

INSERT INTO ACCOUNT (ACCOUNTID, NAME, TYPE, DOB, PASSWORD, STATUS, EMAIL, USERNAME, MEMBERLEVEL, SAVEDSYSTIME) 
VALUES (6.0, 'Sean Mac', 'M', to_date('12/01/1997', 'DD/MM/YYYY'), 'Password123', 'A', 'Sean@gmail.com', 'Sean1221', 'Silver', to_timestamp('', 'DD-MON-RR HH24:MI:SSXFF'));

INSERT INTO ACCOUNT (ACCOUNTID, NAME, TYPE, DOB, PASSWORD, STATUS, EMAIL, USERNAME, MEMBERLEVEL, SAVEDSYSTIME) 
VALUES (7.0, 'Shane Mcloughlinn', 'M', to_date('12/01/1997', 'DD/MM/YYYY'), 'Password123', 'A', 'Shane@gmail.com', 'Shane33', 'Copper', to_timestamp('', 'DD-MON-RR HH24:MI:SSXFF'));

INSERT INTO ACCOUNT (ACCOUNTID, NAME, TYPE, DOB, PASSWORD, STATUS, EMAIL, USERNAME, MEMBERLEVEL, SAVEDSYSTIME) 
VALUES (8.0, 'Blitz Main', 'A', to_date('12/01/1997', 'DD/MM/YYYY'), 'Password123', 'A', 'Blitz@gmail.com', 'Blitz4Real', 'Gold', to_timestamp('', 'DD-MON-RR HH24:MI:SSXFF'));

INSERT INTO ACCOUNT (ACCOUNTID, NAME, TYPE, DOB, PASSWORD, STATUS, EMAIL, USERNAME, MEMBERLEVEL, SAVEDSYSTIME) 
VALUES (9.0, 'Lee Roy', 'M', to_date('12/01/1997', 'DD/MM/YYYY'), 'Password123', 'A', 'Lee@gmail.com', 'Leepo', 'Silver', to_timestamp('', 'DD-MON-RR HH24:MI:SSXFF'));

INSERT INTO ACCOUNT (ACCOUNTID, NAME, TYPE, DOB, PASSWORD, STATUS, EMAIL, USERNAME, MEMBERLEVEL, SAVEDSYSTIME) 
VALUES (10.0, 'Jon Jones', 'M', to_date('12/01/1997', 'DD/MM/YYYY'), 'Password123', 'A', 'Jon@gmail.com', 'JonUFC', 'Diamond', to_timestamp('', 'DD-MON-RR HH24:MI:SSXFF'));

INSERT INTO ACCOUNT (ACCOUNTID, NAME, TYPE, DOB, PASSWORD, STATUS, EMAIL, USERNAME, MEMBERLEVEL, SAVEDSYSTIME) 
VALUES (11.0, 'Mike Bisping', 'M', to_date('12/01/1997', 'DD/MM/YYYY'), 'Password123', 'A', 'UFC@gmail.com', 'UfcMan', 'Diamond', to_timestamp('', 'DD-MON-RR HH24:MI:SSXFF'));

INSERT INTO ACCOUNT (ACCOUNTID, NAME, TYPE, DOB, PASSWORD, STATUS, EMAIL, USERNAME, MEMBERLEVEL, SAVEDSYSTIME) 
VALUES (12.0, 'Shane Mac', 'M', to_date('12/01/1997', 'DD/MM/YYYY'), 'Password123', 'A', 'Me@gmail.com', 'Me123', 'Copper', to_timestamp('', 'DD-MON-RR HH24:MI:SSXFF'));

INSERT INTO ACCOUNT (ACCOUNTID, NAME, TYPE, DOB, PASSWORD, STATUS, EMAIL, USERNAME, MEMBERLEVEL, SAVEDSYSTIME) 
VALUES (13.0, 'Cian Denehey', 'M', to_date('12/01/1997', 'DD/MM/YYYY'), 'Password123', 'A', 'Kipper@gmail.com', 'Kippers', 'Diamond', to_timestamp('', 'DD-MON-RR HH24:MI:SSXFF'));

INSERT INTO ACCOUNT (ACCOUNTID, NAME, TYPE, DOB, PASSWORD, STATUS, EMAIL, USERNAME, MEMBERLEVEL, SAVEDSYSTIME) 
VALUES (14.0, 'Glenn Hope', 'M', to_date('12/01/1997', 'DD/MM/YYYY'), 'Password123', 'A', 'Lol@gmail.com', 'Lolcano', 'Silver', to_timestamp('', 'DD-MON-RR HH24:MI:SSXFF'));

INSERT INTO ACCOUNT (ACCOUNTID, NAME, TYPE, DOB, PASSWORD, STATUS, EMAIL, USERNAME, MEMBERLEVEL, SAVEDSYSTIME) 
VALUES (15.0, 'Gazza Wells', 'M', to_date('12/01/1997', 'DD/MM/YYYY'), 'Password123', 'A', 'Liies12@gmail.com', 'Lillies', 'Silver', to_timestamp('', 'DD-MON-RR HH24:MI:SSXFF'));

INSERT INTO ACCOUNT (ACCOUNTID, NAME, TYPE, DOB, PASSWORD, STATUS, EMAIL, USERNAME, MEMBERLEVEL, SAVEDSYSTIME) 
VALUES (16.0, 'Gary Blue', 'M', to_date('12/01/1997', 'DD/MM/YYYY'), 'Password123', 'A', 'Loppy@gmail.com', 'BlueBoi', 'Gold', to_timestamp('', 'DD-MON-RR HH24:MI:SSXFF'));

INSERT INTO ACCOUNT (ACCOUNTID, NAME, TYPE, DOB, PASSWORD, STATUS, EMAIL, USERNAME, MEMBERLEVEL, SAVEDSYSTIME) 
VALUES (17.0, 'Andy Bernard', 'M', to_date('12/01/1997', 'DD/MM/YYYY'), 'Password123', 'A', 'Ligma@gmail.com', 'XX123', 'Gold', to_timestamp('', 'DD-MON-RR HH24:MI:SSXFF'));

INSERT INTO ACCOUNT (ACCOUNTID, NAME, TYPE, DOB, PASSWORD, STATUS, EMAIL, USERNAME, MEMBERLEVEL, SAVEDSYSTIME) 
VALUES (18.0, 'Dwight Schrute', 'M', to_date('12/01/1997', 'DD/MM/YYYY'), 'Password123', 'A', 'BigNib@gmail.com', 'YaBoiAnt', 'Copper', to_timestamp('', 'DD-MON-RR HH24:MI:SSXFF'));

INSERT INTO ACCOUNT (ACCOUNTID, NAME, TYPE, DOB, PASSWORD, STATUS, EMAIL, USERNAME, MEMBERLEVEL, SAVEDSYSTIME) 
VALUES (19.0, 'Lee Jenkins', 'M', to_date('12/01/1997', 'DD/MM/YYYY'), 'Password123', 'A', 'Siege6@gmail.com', 'UbiHard', 'Gold', to_timestamp('', 'DD-MON-RR HH24:MI:SSXFF'));

INSERT INTO ACCOUNT (ACCOUNTID, NAME, TYPE, DOB, PASSWORD, STATUS, EMAIL, USERNAME, MEMBERLEVEL, SAVEDSYSTIME) 
VALUES (20.0, 'Mark Keane ', 'M', to_date('12/01/1997', 'DD/MM/YYYY'), 'Password123', 'A', 'Office@gmail.com', 'Romeo123', 'Gold', to_timestamp('', 'DD-MON-RR HH24:MI:SSXFF'));

INSERT INTO ACCOUNT (ACCOUNTID, NAME, TYPE, DOB, PASSWORD, STATUS, EMAIL, USERNAME, MEMBERLEVEL, SAVEDSYSTIME) 
VALUES (21.0, 'Ezio Italy', 'M', to_date('12/01/1997', 'DD/MM/YYYY'), 'Password123', 'A', 'Pope@gmail.com', 'EggsBenedict', 'Gold', to_timestamp('', 'DD-MON-RR HH24:MI:SSXFF'));

INSERT INTO ACCOUNT (ACCOUNTID, NAME, TYPE, DOB, PASSWORD, STATUS, EMAIL, USERNAME, MEMBERLEVEL, SAVEDSYSTIME) 
VALUES (22.0, 'Alexios Misthios', 'M', to_date('12/01/1997', 'DD/MM/YYYY'), 'Password123', 'A', 'PEPE@gmail.com', 'RIPperikles', 'Gold', to_timestamp('', 'DD-MON-RR HH24:MI:SSXFF'));

INSERT INTO ACCOUNT (ACCOUNTID, NAME, TYPE, DOB, PASSWORD, STATUS, EMAIL, USERNAME, MEMBERLEVEL, SAVEDSYSTIME) 
VALUES (23.0, 'Kassandra Demois', 'M', to_date('12/01/1997', 'DD/MM/YYYY'), 'Password123', 'A', 'looppp@gmail.com', 'BadGuyGirl', '', to_timestamp('', 'DD-MON-RR HH24:MI:SSXFF'));

INSERT INTO ACCOUNT (ACCOUNTID, NAME, TYPE, DOB, PASSWORD, STATUS, EMAIL, USERNAME, MEMBERLEVEL, SAVEDSYSTIME) 
VALUES (24.0, 'Altair McBlade', 'M', to_date('12/01/1997', 'DD/MM/YYYY'), 'Password123', 'A', 'Hidden@gmail.com', 'Betreyllel', 'Diamond', to_timestamp('', 'DD-MON-RR HH24:MI:SSXFF'));

INSERT INTO ACCOUNT (ACCOUNTID, NAME, TYPE, DOB, PASSWORD, STATUS, EMAIL, USERNAME, MEMBERLEVEL, SAVEDSYSTIME) 
VALUES (25.0, 'Connor America', 'M', to_date('12/01/1997', 'DD/MM/YYYY'), 'Password123', 'A', 'Tomahawk@gmail.com', 'TreeBoy', 'Copper', to_timestamp('', 'DD-MON-RR HH24:MI:SSXFF'));

INSERT INTO ACCOUNT (ACCOUNTID, NAME, TYPE, DOB, PASSWORD, STATUS, EMAIL, USERNAME, MEMBERLEVEL, SAVEDSYSTIME) 
VALUES (26.0, 'Markus Fenix', 'M', to_date('12/01/1997', 'DD/MM/YYYY'), 'Password123', 'A', 'Lancer@gmail.com', 'Gearzzzz12', 'Gold', to_timestamp('', 'DD-MON-RR HH24:MI:SSXFF'));

INSERT INTO ACCOUNT (ACCOUNTID, NAME, TYPE, DOB, PASSWORD, STATUS, EMAIL, USERNAME, MEMBERLEVEL, SAVEDSYSTIME) 
VALUES (27.0, 'Eddie Brock', 'M', to_date('12/01/1997', 'DD/MM/YYYY'), 'Password123', 'A', 'Venom@gmail.com', 'MaskCopy', 'Gold', to_timestamp('', 'DD-MON-RR HH24:MI:SSXFF'));

INSERT INTO ACCOUNT (ACCOUNTID, NAME, TYPE, DOB, PASSWORD, STATUS, EMAIL, USERNAME, MEMBERLEVEL, SAVEDSYSTIME) 
VALUES (28.0, 'Rio DeLiota', 'M', to_date('12/01/1997', 'DD/MM/YYYY'), 'Password123', 'A', 'Locko@gmail.com', 'Locko', 'Diamond', to_timestamp('', 'DD-MON-RR HH24:MI:SSXFF'));

INSERT INTO ACCOUNT (ACCOUNTID, NAME, TYPE, DOB, PASSWORD, STATUS, EMAIL, USERNAME, MEMBERLEVEL, SAVEDSYSTIME) 
VALUES (29.0, 'Layla Green', 'M', to_date('12/01/1997', 'DD/MM/YYYY'), 'Password123', 'A', 'MrsLay@gmail.com', 'Laylz', 'Gold', to_timestamp('', 'DD-MON-RR HH24:MI:SSXFF'));



----------------------------- EMPLOYEE --------------


INSERT INTO EMPLOYEE (EMPLOYEEID, DOB, NAME, NATIONALITY, ROLE) 
VALUES (1.0, to_date('12/04/1997', 'DD/MM/YYYY'), 'Paul', 'English', 'Actor');

INSERT INTO EMPLOYEE (EMPLOYEEID, DOB, NAME, NATIONALITY, ROLE) 
VALUES (2.0, to_date('12/04/1997', 'DD/MM/YYYY'), 'Mark', 'English', 'Developer');

INSERT INTO EMPLOYEE (EMPLOYEEID, DOB, NAME, NATIONALITY, ROLE) 
VALUES (3.0, to_date('12/04/1997', 'DD/MM/YYYY'), 'Dave', 'English', 'Actor');

INSERT INTO EMPLOYEE (EMPLOYEEID, DOB, NAME, NATIONALITY, ROLE) 
VALUES (4.0, to_date('12/04/1997', 'DD/MM/YYYY'), 'Leo', 'English', 'Director');

INSERT INTO EMPLOYEE (EMPLOYEEID, DOB, NAME, NATIONALITY, ROLE) 
VALUES (5.0, to_date('12/04/1997', 'DD/MM/YYYY'), 'Shane', 'English', 'Actor');

INSERT INTO EMPLOYEE (EMPLOYEEID, DOB, NAME, NATIONALITY, ROLE) 
VALUES (6.0, to_date('12/04/1997', 'DD/MM/YYYY'), 'Rio', 'English', 'Producer');

INSERT INTO EMPLOYEE (EMPLOYEEID, DOB, NAME, NATIONALITY, ROLE) 
VALUES (7.0, to_date('12/04/1997', 'DD/MM/YYYY'), 'Marcus', 'English', 'Actor');

INSERT INTO EMPLOYEE (EMPLOYEEID, DOB, NAME, NATIONALITY, ROLE) 
VALUES (8.0, to_date('12/04/1997', 'DD/MM/YYYY'), 'Aidan', 'English', 'Illustrator');

INSERT INTO EMPLOYEE (EMPLOYEEID, DOB, NAME, NATIONALITY, ROLE) 
VALUES (9.0, to_date('12/04/1997', 'DD/MM/YYYY'), 'Matty', 'English', 'Actor');

------------------------ MEDIA -----------------------

--must add description column
INSERT INTO MEDIA (MEDIAID, NAME, YEARRELEASED, AGERATING, BUDGET, PRIMARYGENRE, SECONDARYGENRE, MEDIATYPE, PLATFORM, AVERAGERATING) 
VALUES (1.0, 'Lion King', 1997.0, '18', 1500000.0, 'Action', 'Thriller', 'F', '', 0.0);

INSERT INTO MEDIA (MEDIAID, NAME, YEARRELEASED, AGERATING, BUDGET, PRIMARYGENRE, SECONDARYGENRE, MEDIATYPE, PLATFORM, AVERAGERATING) 
VALUES (2.0, 'Matrix', 1993.0, 'PG', 900000.0, 'Drama', 'Action', 'F', '', 0.0);

INSERT INTO MEDIA (MEDIAID, NAME, YEARRELEASED, AGERATING, BUDGET, PRIMARYGENRE, SECONDARYGENRE, MEDIATYPE, PLATFORM, AVERAGERATING) 
VALUES (3.0, 'ConeHeads', 1993.0, '15', 15000.0, 'Action', 'Romance', 'F', '', 0.0);

INSERT INTO MEDIA (MEDIAID, NAME, YEARRELEASED, AGERATING, BUDGET, PRIMARYGENRE, SECONDARYGENRE, MEDIATYPE, PLATFORM, AVERAGERATING) 
VALUES (4.0, 'Den of Thieves', 2004.0, '12', 123000.0, 'Romance', 'Drama', 'G', 'PS4', 0.0);

INSERT INTO MEDIA (MEDIAID, NAME, YEARRELEASED, AGERATING, BUDGET, PRIMARYGENRE, SECONDARYGENRE, MEDIATYPE, PLATFORM, AVERAGERATING) 
VALUES (5.0, 'Cargo', 2013.0, 'PG', 123123.0, 'Action', 'Horror', 'G', 'XBOX ONE', 0.0);

INSERT INTO MEDIA (MEDIAID, NAME, YEARRELEASED, AGERATING, BUDGET, PRIMARYGENRE, SECONDARYGENRE, MEDIATYPE, PLATFORM, AVERAGERATING) 
VALUES (6.0, 'Gran Torino', 1982.0, 'U', 111456.0, 'Thriller', 'Kids', 'F', '', 0.0);

INSERT INTO MEDIA (MEDIAID, NAME, YEARRELEASED, AGERATING, BUDGET, PRIMARYGENRE, SECONDARYGENRE, MEDIATYPE, PLATFORM, AVERAGERATING) 
VALUES (7.0, 'I Love You Man', 1987.0, '12', 1234567.0, 'Action', 'Kids', 'G', 'PC', 0.0);

INSERT INTO MEDIA (MEDIAID, NAME, YEARRELEASED, AGERATING, BUDGET, PRIMARYGENRE, SECONDARYGENRE, MEDIATYPE, PLATFORM, AVERAGERATING) 
VALUES (8.0, 'VS', 2018.0, '12A', 200000.0, 'Horror', 'Music', 'F', '', 0.0);

INSERT INTO MEDIA (MEDIAID, NAME, YEARRELEASED, AGERATING, BUDGET, PRIMARYGENRE, SECONDARYGENRE, MEDIATYPE, PLATFORM, AVERAGERATING) 
VALUES (9.0, '8 Mile', 2007.0, 'PG', 12000.0, 'Action', 'Drama', 'G', 'PC', 0.0);

---------------------------- REVIEW -------------------


INSERT INTO REVIEW (REVIEWID, RATING, DESCRIPTION, REVIEWTYPE, STATUS, ACCOUNTID, MEDIAID) 
VALUES (1.0, 0.0, 'SERIOUS FLICK', 'Funny', 'A', 1, 1.0);

INSERT INTO REVIEW (REVIEWID, RATING, DESCRIPTION, REVIEWTYPE, STATUS, ACCOUNTID, MEDIAID) 
VALUES (2.0, 0.0, 'SERIOUS FLICK', 'Good', 'A', 2.0, 1.0);

INSERT INTO REVIEW (REVIEWID, RATING, DESCRIPTION, REVIEWTYPE, STATUS, ACCOUNTID, MEDIAID) 
VALUES (3.0, 0.0, 'SERIOUS FLICK', 'Funny', 'A', 4.0, 2.0);

INSERT INTO REVIEW (REVIEWID, RATING, DESCRIPTION, REVIEWTYPE, STATUS, ACCOUNTID, MEDIAID) 
VALUES (4.0, 0.0, 'SERIOUS FLICK', 'Good', 'A', 3.0, 3.0);

INSERT INTO REVIEW (REVIEWID, RATING, DESCRIPTION, REVIEWTYPE, STATUS, ACCOUNTID, MEDIAID) 
VALUES (5.0, 0.0, 'SERIOUS FLICK', 'Bad', 'A', 6.0, 9.0);

INSERT INTO REVIEW (REVIEWID, RATING, DESCRIPTION, REVIEWTYPE, STATUS, ACCOUNTID, MEDIAID) 
VALUES (6.0, 0.0, 'SERIOUS FLICK', 'Good', 'A', 5.0, 4.0);

INSERT INTO REVIEW (REVIEWID, RATING, DESCRIPTION, REVIEWTYPE, STATUS, ACCOUNTID, MEDIAID) 
VALUES (7.0, 0.0, 'SERIOUS FLICK', 'Funny', 'A', 3.0, 8.0);

INSERT INTO REVIEW (REVIEWID, RATING, DESCRIPTION, REVIEWTYPE, STATUS, ACCOUNTID, MEDIAID) 
VALUES (8.0, 0.0, 'SERIOUS FLICK', 'Good', 'A', 6.0, 5.0);

INSERT INTO REVIEW (REVIEWID, RATING, DESCRIPTION, REVIEWTYPE, STATUS, ACCOUNTID, MEDIAID) 
VALUES (9.0, 0.0, 'SERIOUS FLICK', 'Good', 'A', 3.0, 7.0);



------------------------- CAST ----------------------

INSERT INTO CAST (CASTID, EMPLOYEEID, MEDIAID) 
VALUES (1.0, 1.0, 1.0);

INSERT INTO CAST (CASTID, EMPLOYEEID, MEDIAID) 
VALUES (2.0, 1.0, 3.0);

INSERT INTO CAST (CASTID, EMPLOYEEID, MEDIAID) 
VALUES (3.0, 2.0, 5.0);

INSERT INTO CAST (CASTID, EMPLOYEEID, MEDIAID) 
VALUES (4.0, 3.0, 3.0);

INSERT INTO CAST (CASTID, EMPLOYEEID, MEDIAID) 
VALUES (5.0, 1.0, 6.0);

INSERT INTO CAST (CASTID, EMPLOYEEID, MEDIAID) 
VALUES (6.0, 3.0, 4.0);

INSERT INTO CAST (CASTID, EMPLOYEEID, MEDIAID) 
VALUES (7.0, 5.0, 2.0);

INSERT INTO CAST (CASTID, EMPLOYEEID, MEDIAID) 
VALUES (8.0, 3.0, 6.0);

INSERT INTO CAST (CASTID, EMPLOYEEID, MEDIAID) 
VALUES (9.0, 5.0, 3.0);

INSERT INTO CAST (CASTID, EMPLOYEEID, MEDIAID) 
VALUES (10.0, 5.0, 5.0);

INSERT INTO CAST (CASTID, EMPLOYEEID, MEDIAID) 
VALUES (11.0, 3.0, 8.0);

INSERT INTO CAST (CASTID, EMPLOYEEID, MEDIAID) 
VALUES (12.0, 7.0, 4.0);

INSERT INTO CAST (CASTID, EMPLOYEEID, MEDIAID) 
VALUES (13.0, 4.0, 7.0);

INSERT INTO CAST (CASTID, EMPLOYEEID, MEDIAID) 
VALUES (14.0, 2.0, 4.0);

INSERT INTO CAST (CASTID, EMPLOYEEID, MEDIAID) 
VALUES (15.0, 7.0, 7.0);

INSERT INTO CAST (CASTID, EMPLOYEEID, MEDIAID) 
VALUES (16.0, 2.0, 3.0);

INSERT INTO CAST (CASTID, EMPLOYEEID, MEDIAID) 
VALUES (17.0, 7.0, 9.0);

INSERT INTO CAST (CASTID, EMPLOYEEID, MEDIAID) 
VALUES (18.0, 4.0, 4.0);

INSERT INTO CAST (CASTID, EMPLOYEEID, MEDIAID) 
VALUES (19.0, 7.0, 7.0);

INSERT INTO CAST (CASTID, EMPLOYEEID, MEDIAID) 
VALUES (20.0, 9.0, 3.0);